count,mean,std,min,25%,50%,75%,max,metric
2484.0,6295.3087761674715,2769.2514581396636,21.0,5160.0,5886.5,7227.25,38842.0,_num_chars
2484.0,817.0245571658616,376.78175531806374,0.0,654.75,761.0,940.0,5175.0,_num_words
2484.0,40.39734299516908,26.227733570431734,1.0,23.75,38.0,51.0,408.0,_num_sents
